team_name,season,conference_abbreviation,conference_name,wins,losses,adj_em,adj_o,adj_d,tempo,luck,sos_adj_em,sos_off,sos_def,ncsos_adj_em,rank_adj_em,rank_adj_o,rank_adj_d,rank_tempo,rank_luck,rank_sos_adj_em,efg_off,efg_def,to_rate_off,to_rate_def,orb_rate,drb_rate,ft_rate,opp_ft_rate,source_ratings_endpoint,source_four_factors_endpoint
Eastern Washington,2026,BSky,Big Sky,13,18,0.4257,113.84,113.414,67.6446,-0.0722,1.2397,,,,166,102,256,164,338,,,,,,,,35.2738,,ratings,four-factors
Idaho,2026,BSky,Big Sky,19,14,0.5991,109.232,108.633,67.5956,-0.0225,-1.3037,,,,165,176,155,169,246,,,,,,,,33.5758,,ratings,four-factors
Idaho State,2026,BSky,Big Sky,13,20,-7.0191,109.698,116.717,65.6087,-0.0353,-0.2887,,,,249,165,315,278,290,,,,,,,,37.9475,,ratings,four-factors
Montana,2026,BSky,Big Sky,16,15,-1.899,106.658,108.557,69.24,0.0292,0.0458,,,,187,222,153,83,112,,,,,,,,35.7729,,ratings,four-factors
Montana State,2026,BSky,Big Sky,18,14,2.9993,111.098,108.099,66.003,-0.0827,0.3405,,,,132,138,142,262,346,,,,,,,,30.2422,,ratings,four-factors
Northern Arizona,2026,BSky,Big Sky,10,22,-14.439,105.361,119.8,63.9234,0.0306,-0.7176,,,,320,253,344,340,109,,,,,,,,31.7692,,ratings,four-factors
Northern Colorado,2026,BSky,Big Sky,20,11,2.4085,112.075,109.666,68.6716,-0.0141,-1.749,,,,136,123,186,111,225,,,,,,,,27.2781,,ratings,four-factors
Portland State,2026,BSky,Big Sky,20,10,1.8573,104.006,102.149,67.9513,0.025,-1.6398,,,,141,273,47,145,125,,,,,,,,37.0656,,ratings,four-factors
Sacramento State,2026,BSky,Big Sky,10,21,-8.3125,106.025,114.338,71.7965,-0.0222,1.7383,,,,265,233,277,13,245,,,,,,,,41.2359,,ratings,four-factors
Weber State,2026,BSky,Big Sky,16,15,-2.4383,111.838,114.276,68.5908,-0.02,-1.6775,,,,193,129,274,117,239,,,,,,,,39.0328,,ratings,four-factors
Abilene Christian,2026,WAC,,13,18,-6.7441,100.792,107.536,67.4923,0.0262,0.9118,,,,246,319,132,178,120,,,,,,,,40.0391,,ratings,four-factors
Air Force,2026,MWC,,3,28,-19.458,96.5161,115.974,66.2074,-0.0021,5.2348,,,,344,350,302,250,190,,,,,,,,35.6329,,ratings,four-factors
Akron,2026,MAC,,26,5,13.4241,120.688,107.264,70.6173,-0.0063,-3.9744,,,,61,42,128,29,206,,,,,,,,29.0749,,ratings,four-factors
Alabama,2026,SEC,,23,8,26.1247,129.612,103.487,73.0594,0.0379,17.0173,,,,15,3,67,4,92,,,,,,,,37.1331,,ratings,four-factors
Alabama A&M,2026,SWAC,,17,14,-12.2024,104.871,117.073,65.5304,0.0533,-10.5108,,,,301,258,317,286,56,,,,,,,,44.9735,,ratings,four-factors
Alabama St.,2026,SWAC,,10,21,-13.5045,99.9862,113.491,69.4459,-0.0678,-5.954,,,,317,325,257,74,331,,,,,,,,35.0166,,ratings,four-factors
Albany,2026,AE,,11,21,-14.9211,103.494,118.415,65.2743,-0.0859,-7.02,,,,325,280,332,298,347,,,,,,,,24.9402,,ratings,four-factors
Alcorn St.,2026,SWAC,,8,22,-21.21,96.6985,117.908,67.3691,0.0399,-4.419,,,,351,349,328,182,84,,,,,,,,30.2041,,ratings,four-factors
American,2026,PL,,16,16,-6.4046,105.713,112.117,66.7438,-0.0244,-7.651,,,,240,239,233,221,254,,,,,,,,28.654,,ratings,four-factors
Appalachian St.,2026,SB,,19,13,-2.359,106.066,108.425,63.0403,0.0151,-5.2314,,,,192,230,151,359,145,,,,,,,,39.1461,,ratings,four-factors
Arizona,2026,B12,,29,2,37.3395,126.652,89.312,70.1526,0.0107,14.0889,,,,3,7,3,46,156,,,,,,,,42.8571,,ratings,four-factors
Arizona St.,2026,B12,,16,15,13.1654,116.625,103.46,69.2056,0.0308,14.0824,,,,63,72,66,85,108,,,,,,,,39.823,,ratings,four-factors
Arkansas,2026,SEC,,23,8,25.9662,127.884,101.918,71.2167,0.0289,14.7352,,,,18,6,44,21,113,,,,,,,,36.4641,,ratings,four-factors
Arkansas Pine Bluff,2026,SWAC,,13,18,-13.4198,103.24,116.66,69.1142,0.0384,-5.1594,,,,316,285,314,91,89,,,,,,,,38.2212,,ratings,four-factors
Arkansas St.,2026,SB,,20,12,1.385,110.823,109.438,71.9946,0.0079,-3.5135,,,,148,144,174,11,167,,,,,,,,39.1281,,ratings,four-factors
Army,2026,PL,,11,21,-18.4577,100.282,118.74,67.1553,0.0441,-7.5426,,,,337,323,335,194,65,,,,,,,,26.8293,,ratings,four-factors
Auburn,2026,SEC,,16,15,18.7489,125.795,107.046,67.1909,-0.0508,16.8439,,,,39,13,124,192,312,,,,,,,,45.4447,,ratings,four-factors
Austin Peay,2026,ASun,,22,9,-0.3013,108.137,108.438,69.4708,0.0332,-6.2668,,,,175,191,152,73,104,,,,,,,,37.6457,,ratings,four-factors
BYU,2026,B12,,21,10,22.4157,125.964,103.548,69.8272,-0.0108,14.357,,,,25,11,68,62,218,,,,,,,,34.9896,,ratings,four-factors
Ball St.,2026,MAC,,12,19,-11.3548,98.6424,109.997,63.7364,-0.005,-3.7728,,,,291,339,190,344,199,,,,,,,,31.6302,,ratings,four-factors
Baylor,2026,B12,,16,15,16.2484,123.242,106.994,67.7882,-0.0735,14.2417,,,,48,22,122,153,340,,,,,,,,35.1618,,ratings,four-factors
Bellarmine,2026,ASun,,13,19,-9.6046,116.757,126.361,64.7529,-0.0131,-4.403,,,,278,71,365,321,223,,,,,,,,35.0031,,ratings,four-factors
Belmont,2026,MVC,,26,6,12.2949,120.925,108.63,68.9945,0.0346,0.2253,,,,67,41,154,101,98,,,,,,,,32.5335,,ratings,four-factors
Bethune Cookman,2026,SWAC,,17,14,-6.2225,103.765,109.988,69.351,0.0842,-6.7432,,,,238,277,189,79,21,,,,,,,,41.2142,,ratings,four-factors
Binghamton,2026,AE,,8,23,-25.5361,97.7778,123.314,65.3557,-0.0192,-12.0066,,,,359,343,361,296,236,,,,,,,,41.4737,,ratings,four-factors
Boise St.,2026,MWC,,20,11,14.3674,117.804,103.437,65.5358,0.0391,9.1968,,,,55,59,65,285,87,,,,,,,,42.3385,,ratings,four-factors
Boston College,2026,ACC,,11,20,1.1235,104.063,102.939,65.9919,-0.0353,6.9657,,,,152,270,58,263,289,,,,,,,,32.3967,,ratings,four-factors
Boston University,2026,PL,,17,16,-7.2842,112.521,119.805,63.2479,-0.0234,-8.3935,,,,254,115,345,354,251,,,,,,,,31.0584,,ratings,four-factors
Bowling Green,2026,MAC,,18,13,1.5036,107.307,105.804,68.3945,-0.0793,-3.2833,,,,146,211,102,123,344,,,,,,,,37.1515,,ratings,four-factors
Bradley,2026,MVC,,21,12,3.9901,111.929,107.939,67.3794,0.0394,1.023,,,,123,127,140,181,86,,,,,,,,36.127,,ratings,four-factors
Brown,2026,Ivy,,9,18,-10.841,98.1123,108.953,66.5346,-0.0502,-3.6148,,,,287,342,163,228,310,,,,,,,,28.086,,ratings,four-factors
Bryant,2026,AE,,9,22,-22.9993,96.7391,119.738,64.2714,0.0094,-7.6482,,,,355,348,343,333,161,,,,,,,,29.4155,,ratings,four-factors
Bucknell,2026,PL,,10,23,-16.6913,98.3745,115.066,66.9433,0.0153,-5.721,,,,331,341,291,206,144,,,,,,,,29.7574,,ratings,four-factors
Buffalo,2026,MAC,,17,14,-3.2708,112.998,116.269,66.5021,-0.0153,-3.9419,,,,207,111,308,233,227,,,,,,,,39.652,,ratings,four-factors
Butler,2026,BE,,16,15,9.7801,116.359,106.579,68.7457,-0.023,10.0357,,,,82,75,114,108,248,,,,,,,,42.4112,,ratings,four-factors
CSUN,2026,BW,,19,13,-0.639,108.191,108.83,73.8448,0.0778,-0.136,,,,176,188,158,2,28,,,,,,,,35.3033,,ratings,four-factors
Cal Baptist,2026,WAC,,23,8,5.4068,108.151,102.744,65.7615,0.084,-1.9529,,,,112,190,54,272,22,,,,,,,,37.0572,,ratings,four-factors
Cal Poly,2026,BW,,14,18,-3.8664,109.898,113.764,74.1541,0.0091,1.403,,,,211,160,263,1,165,,,,,,,,35.2784,,ratings,four-factors
Cal St. Bakersfield,2026,BW,,8,24,-15.397,101.943,117.34,70.2033,0.0123,0.605,,,,327,306,319,41,152,,,,,,,,42.2247,,ratings,four-factors
Cal St. Fullerton,2026,BW,,17,15,0.3032,110.597,110.294,72.6291,0.0456,1.5443,,,,169,151,195,6,64,,,,,,,,37.3118,,ratings,four-factors
California,2026,ACC,,21,10,11.7261,113.552,101.826,68.1299,0.0581,7.1517,,,,71,107,43,134,47,,,,,,,,37.2628,,ratings,four-factors
Campbell,2026,CAA,,16,17,-0.885,111.941,112.826,69.8834,0.0165,1.1921,,,,177,126,249,57,141,,,,,,,,43.5556,,ratings,four-factors
Canisius,2026,MAAC,,10,21,-19.2985,95.4396,114.738,64.2748,0.0187,-7.6469,,,,343,355,284,332,133,,,,,,,,31.4198,,ratings,four-factors
Central Arkansas,2026,ASun,,22,12,1.2789,110.399,109.12,68.0202,0.0409,-5.0582,,,,150,154,166,139,80,,,,,,,,31.1635,,ratings,four-factors
Central Connecticut,2026,NEC,,18,12,-12.7917,104.859,117.651,65.1508,0.1165,-10.8704,,,,305,259,326,303,10,,,,,,,,31.2299,,ratings,four-factors
Central Michigan,2026,MAC,,10,21,-9.0943,106.058,115.152,67.1863,-0.0983,-1.3497,,,,270,231,292,193,357,,,,,,,,31.4424,,ratings,four-factors
Charleston,2026,CAA,,21,11,-0.1448,108.264,108.409,67.7077,0.1048,-1.7041,,,,173,186,150,161,14,,,,,,,,41.2162,,ratings,four-factors
Charleston Southern,2026,BSth,,15,17,-6.4344,106.014,112.449,71.6376,-0.0898,-6.0563,,,,242,234,240,15,350,,,,,,,,30.5177,,ratings,four-factors
Charlotte,2026,Amer,,15,16,-2.2419,112.701,114.942,63.4708,0.01,0.4137,,,,191,113,287,347,160,,,,,,,,36.2918,,ratings,four-factors
Chattanooga,2026,SC,,13,19,-12.1871,105.604,117.791,67.2787,-0.0291,-6.6737,,,,300,244,327,189,267,,,,,,,,29.6885,,ratings,four-factors
Chicago St.,2026,NEC,,7,25,-19.6244,99.6245,119.249,65.4027,-0.032,-4.329,,,,345,333,340,292,279,,,,,,,,29.9552,,ratings,four-factors
Cincinnati,2026,B12,,17,14,17.7833,112.365,94.582,67.6317,-0.069,11.5473,,,,42,117,12,165,335,,,,,,,,29.4023,,ratings,four-factors
Clemson,2026,ACC,,22,9,18.9403,116.25,97.3099,64.2546,-0.0014,9.6187,,,,38,76,21,335,187,,,,,,,,37.3341,,ratings,four-factors
Cleveland St.,2026,Horz,,11,22,-14.6998,109.499,124.199,69.8348,0.0401,-1.7259,,,,322,167,362,61,83,,,,,,,,37.8929,,ratings,four-factors
Coastal Carolina,2026,SB,,19,13,-6.796,102.007,108.803,66.8912,0.1323,-4.5953,,,,247,304,157,212,4,,,,,,,,32.2961,,ratings,four-factors
Colgate,2026,PL,,18,15,-7.0813,107.868,114.949,66.9332,0.0436,-6.7524,,,,250,198,288,207,67,,,,,,,,29.7253,,ratings,four-factors
Colorado,2026,B12,,17,14,12.6269,119.218,106.591,68.8198,0.0343,11.1973,,,,64,55,115,106,100,,,,,,,,36.2162,,ratings,four-factors
Colorado St.,2026,MWC,,20,11,9.6882,119.97,110.281,62.8896,0.041,4.8033,,,,85,48,194,361,79,,,,,,,,40.7602,,ratings,four-factors
Columbia,2026,Ivy,,16,12,-1.9424,108.781,110.724,66.7269,0.0122,-3.128,,,,189,181,203,223,153,,,,,,,,28.5621,,ratings,four-factors
Connecticut,2026,BE,,27,4,28.2462,122.641,94.3943,64.9563,0.0519,11.9416,,,,11,28,11,311,59,,,,,,,,31.1881,,ratings,four-factors
Coppin St.,2026,MEAC,,7,24,-27.6238,92.2908,119.915,68.0734,0.0368,-7.2935,,,,363,361,346,137,95,,,,,,,,38.4522,,ratings,four-factors
Cornell,2026,Ivy,,15,12,0.9659,119.746,118.78,71.6351,-0.026,-1.4843,,,,158,50,336,16,258,,,,,,,,31.0908,,ratings,four-factors
Creighton,2026,BE,,15,16,11.3582,116.91,105.552,67.4601,-0.0216,11.7989,,,,75,68,100,179,244,,,,,,,,27.4167,,ratings,four-factors
Dartmouth,2026,Ivy,,11,16,-9.3245,104.971,114.296,69.5492,0.0001,-1.9286,,,,274,257,275,70,183,,,,,,,,37.9957,,ratings,four-factors
Davidson,2026,A10,,19,12,5.9301,110.691,104.761,63.8595,0.0293,2.6184,,,,107,148,89,342,111,,,,,,,,32.0473,,ratings,four-factors
Dayton,2026,A10,,21,10,10.661,111.383,100.722,67.1371,0.0337,4.0891,,,,79,133,36,196,102,,,,,,,,47.1721,,ratings,four-factors
DePaul,2026,BE,,16,15,6.9751,107.773,100.798,66.3823,-0.0045,8.0043,,,,102,200,38,240,195,,,,,,,,35.7835,,ratings,four-factors
Delaware,2026,CUSA,,10,21,-11.3627,104.582,115.945,63.1939,0.0065,-2.5434,,,,292,260,301,355,169,,,,,,,,30.6162,,ratings,four-factors
Delaware St.,2026,MEAC,,7,22,-27.4848,87.8146,115.299,65.8505,-0.0239,-10.3606,,,,362,365,296,270,253,,,,,,,,34.0426,,ratings,four-factors
Denver,2026,Sum,,15,17,-5.9272,116.207,122.134,67.968,0.0074,-1.3016,,,,236,77,358,142,168,,,,,,,,34.117,,ratings,four-factors
Detroit Mercy,2026,Horz,,16,14,-4.8238,108.85,113.674,69.0108,0.0732,-2.3807,,,,222,179,261,99,31,,,,,,,,32.4214,,ratings,four-factors
Drake,2026,MVC,,14,20,-2.6021,110.182,112.784,67.305,-0.0604,2.4022,,,,194,158,247,186,324,,,,,,,,33.5297,,ratings,four-factors
Drexel,2026,CAA,,17,16,-4.6673,102.582,107.25,64.2656,0.0028,-4.0607,,,,221,295,126,334,174,,,,,,,,31.573,,ratings,four-factors
Duke,2026,ACC,,29,2,40.6153,128.431,87.8156,65.3863,0.0303,14.1235,,,,1,5,1,294,110,,,,,,,,37.9081,,ratings,four-factors
Duquesne,2026,A10,,17,14,2.9085,110.652,107.743,69.1554,-0.0106,2.3533,,,,133,149,135,88,217,,,,,,,,38.8033,,ratings,four-factors
East Carolina,2026,Amer,,11,20,-7.3932,103.76,111.153,68.733,-0.0056,-0.1913,,,,255,278,212,109,201,,,,,,,,39.1597,,ratings,four-factors
East Tennessee St.,2026,SC,,23,10,1.4745,110.351,108.876,66.24,-0.023,-7.9099,,,,147,155,162,248,249,,,,,,,,34.9342,,ratings,four-factors
East Texas A&M,2026,Slnd,,11,21,-10.8265,100.871,111.697,68.175,0.0006,-0.5149,,,,286,317,219,133,181,,,,,,,,32.0191,,ratings,four-factors
Eastern Illinois,2026,OVC,,13,20,-14.8644,97.0745,111.939,65.7261,0.0368,-5.7739,,,,324,347,229,273,97,,,,,,,,33.5135,,ratings,four-factors
Eastern Kentucky,2026,ASun,,11,21,-11.6301,109.397,121.027,67.3684,-0.0169,-3.7067,,,,296,170,350,183,230,,,,,,,,30.7399,,ratings,four-factors
Eastern Michigan,2026,MAC,,10,21,-6.4219,101.951,108.373,66.5505,-0.0963,-0.274,,,,241,305,149,227,355,,,,,,,,29.341,,ratings,four-factors
Elon,2026,CAA,,14,18,-5.6666,110.338,116.005,66.8727,-0.0301,-2.0329,,,,231,156,303,213,275,,,,,,,,33.5376,,ratings,four-factors
Evansville,2026,MVC,,7,25,-12.8351,102.122,114.957,67.0548,-0.0114,4.8567,,,,307,302,289,199,220,,,,,,,,29.7561,,ratings,four-factors
FIU,2026,CUSA,,15,16,-1.9481,107.68,109.628,71.8243,-0.0393,-0.935,,,,190,202,180,12,296,,,,,,,,38.2542,,ratings,four-factors
Fairfield,2026,MAAC,,21,13,-8.1918,105.915,114.106,67.034,0.0778,-9.4109,,,,264,236,269,201,27,,,,,,,,27.6751,,ratings,four-factors
Fairleigh Dickinson,2026,NEC,,11,21,-17.6694,101.014,118.684,63.96,-0.0061,-8.2849,,,,336,313,334,339,204,,,,,,,,32.795,,ratings,four-factors
Florida,2026,SEC,,25,6,35.346,126.472,91.1258,70.9258,-0.051,15.6113,,,,4,8,4,24,313,,,,,,,,38.5266,,ratings,four-factors
Florida A&M,2026,SWAC,,14,15,-13.4096,98.5926,112.002,68.2019,0.0807,-8.1241,,,,315,340,230,132,25,,,,,,,,37.5989,,ratings,four-factors
Florida Atlantic,2026,Amer,,17,14,3.464,110.482,107.018,69.6162,-0.0342,2.2864,,,,125,152,123,68,286,,,,,,,,32.6185,,ratings,four-factors
Florida Gulf Coast,2026,ASun,,16,18,-6.5996,105.745,112.344,67.6081,-0.0291,-5.5555,,,,243,238,237,167,266,,,,,,,,29.052,,ratings,four-factors
Florida St.,2026,ACC,,17,14,12.4984,116.947,104.449,70.5524,-0.0014,10.7335,,,,65,67,81,31,188,,,,,,,,34.832,,ratings,four-factors
Fordham,2026,A10,,17,14,0.3506,105.037,104.686,64.4905,-0.0439,-2.3692,,,,168,255,85,326,301,,,,,,,,26.2485,,ratings,four-factors
Fresno St.,2026,MWC,,13,18,3.173,107.874,104.701,68.3111,-0.0689,5.018,,,,131,197,86,128,334,,,,,,,,34.3805,,ratings,four-factors
Furman,2026,SC,,21,12,-2.8807,107.121,110.002,66.051,0.0112,-6.0997,,,,199,217,191,255,154,,,,,,,,32.2222,,ratings,four-factors
Gardner Webb,2026,BSth,,4,29,-26.3415,95.7975,122.139,69.2702,-0.0014,-0.8618,,,,361,353,359,81,189,,,,,,,,30.2871,,ratings,four-factors
George Mason,2026,A10,,23,8,8.0346,114.1,106.065,63.4385,0.0674,0.5784,,,,94,100,107,348,36,,,,,,,,42.2264,,ratings,four-factors
George Washington,2026,A10,,17,14,9.7578,118.124,108.367,69.1907,-0.1476,1.2919,,,,83,58,148,87,365,,,,,,,,35.6081,,ratings,four-factors
Georgetown,2026,BE,,14,17,9.6553,114.905,105.249,66.4636,-0.0657,9.996,,,,87,89,94,234,329,,,,,,,,37.9978,,ratings,four-factors
Georgia,2026,SEC,,22,9,21.0563,125.802,104.745,71.3029,0.0105,11.0149,,,,31,12,87,20,157,,,,,,,,36.9276,,ratings,four-factors
Georgia Southern,2026,SB,,21,15,-5.5289,110.861,116.39,70.294,0.0554,-5.7306,,,,230,143,311,35,55,,,,,,,,39.8354,,ratings,four-factors
Georgia St.,2026,SB,,10,22,-12.9361,99.48,112.416,67.8945,-0.0396,-3.6847,,,,310,336,238,148,298,,,,,,,,37.1707,,ratings,four-factors
Georgia Tech,2026,ACC,,11,20,0.6507,108.083,107.432,70.7345,-0.0394,6.6391,,,,164,193,131,26,297,,,,,,,,33.3153,,ratings,four-factors
Gonzaga,2026,WCC,,28,3,28.4133,122.485,94.0722,69.1951,0.067,5.9928,,,,10,29,9,86,37,,,,,,,,30.9668,,ratings,four-factors
Grambling St.,2026,SWAC,,13,18,-11.9287,97.2269,109.156,67.6133,-0.0305,-7.9031,,,,298,345,167,166,276,,,,,,,,41.0077,,ratings,four-factors
Grand Canyon,2026,MWC,,20,11,13.5453,110.701,97.1555,67.9244,-0.0556,3.8098,,,,60,147,18,147,317,,,,,,,,38.2486,,ratings,four-factors
Green Bay,2026,Horz,,18,15,-3.4599,112.739,116.199,62.9816,0.0643,-1.7618,,,,209,112,307,360,40,,,,,,,,41.5995,,ratings,four-factors
Hampton,2026,CAA,,13,19,-9.1517,102.683,111.835,65.4054,-0.0132,-3.4176,,,,272,294,227,291,224,,,,,,,,39.2249,,ratings,four-factors
Harvard,2026,Ivy,,17,11,1.2806,107.643,106.362,63.1126,0.0023,-3.32,,,,149,203,113,357,175,,,,,,,,26.6621,,ratings,four-factors
Hawaii,2026,BW,,22,8,5.0389,107.214,102.175,69.8661,0.0284,-3.5602,,,,115,213,48,59,114,,,,,,,,43.2366,,ratings,four-factors
High Point,2026,BSth,,30,4,8.4424,117.312,108.869,70.002,0.0479,-8.8707,,,,93,63,160,52,60,,,,,,,,42.9099,,ratings,four-factors
Hofstra,2026,CAA,,22,10,9.7232,114.765,105.041,64.9285,-0.0711,-0.6105,,,,84,91,93,312,337,,,,,,,,32.5129,,ratings,four-factors
Holy Cross,2026,PL,,11,22,-16.5231,100.926,117.449,65.6166,-0.007,-6.8362,,,,330,315,322,276,208,,,,,,,,31.4891,,ratings,four-factors
Houston,2026,B12,,26,5,32.4932,125.05,92.5563,63.3731,0.002,12.3461,,,,6,17,6,351,176,,,,,,,,26.6251,,ratings,four-factors
Houston Christian,2026,Slnd,,12,20,-11.1076,103.059,114.166,64.3898,0.0344,-2.0694,,,,289,287,273,330,99,,,,,,,,35.9825,,ratings,four-factors
Howard,2026,MEAC,,21,10,-3.0722,103.802,106.875,69.1389,-0.0229,-13.5592,,,,202,276,120,89,247,,,,,,,,42.3963,,ratings,four-factors
IU Indy,2026,Horz,,7,25,-13.8568,105.657,119.514,73.3078,-0.0334,-3.1114,,,,318,242,342,3,283,,,,,,,,21.6724,,ratings,four-factors
Illinois,2026,B10,,24,7,32.6706,131.683,99.0127,65.538,-0.035,13.508,,,,5,1,26,284,288,,,,,,,,33.3333,,ratings,four-factors
Illinois Chicago,2026,MVC,,19,15,6.1393,110.649,104.51,66.4184,-0.061,1.8786,,,,105,150,84,238,326,,,,,,,,36.47,,ratings,four-factors
Illinois St.,2026,MVC,,20,12,6.6041,110.714,104.11,66.7464,-0.0086,1.6087,,,,103,146,76,220,213,,,,,,,,31.836,,ratings,four-factors
Incarnate Word,2026,Slnd,,12,19,-8.4573,109.009,117.466,65.5028,-0.0281,-1.1642,,,,266,177,323,288,264,,,,,,,,34.0076,,ratings,four-factors
Indiana,2026,B10,,18,13,18.1219,121.121,102.999,66.2483,-0.0349,11.9802,,,,41,39,59,247,287,,,,,,,,34.611,,ratings,four-factors
Indiana St.,2026,MVC,,11,21,-2.9285,106.442,109.37,68.0793,-0.1097,1.5086,,,,200,225,173,136,363,,,,,,,,27.4566,,ratings,four-factors
Iona,2026,MAAC,,18,14,-7.7474,104.062,111.81,68.8125,0.0411,-8.3886,,,,259,271,226,107,78,,,,,,,,29.2786,,ratings,four-factors
Iowa,2026,B10,,20,11,22.5373,121.857,99.3199,63.052,-0.0552,11.3571,,,,24,32,28,358,316,,,,,,,,34.1667,,ratings,four-factors
Iowa St.,2026,B12,,25,6,29.9581,122.901,92.9424,66.7758,0.0056,11.4809,,,,7,26,7,218,170,,,,,,,,34.8737,,ratings,four-factors
Jackson St.,2026,SWAC,,11,20,-19.1951,100.846,120.041,69.4718,0.0968,-5.6373,,,,342,318,347,72,16,,,,,,,,37.0675,,ratings,four-factors
Jacksonville,2026,ASun,,12,20,-11.453,103.259,114.712,63.4314,-0.0295,-3.7333,,,,294,284,283,349,272,,,,,,,,32.7596,,ratings,four-factors
Jacksonville St.,2026,CUSA,,15,16,-3.1446,105.701,108.846,65.4325,-0.0498,-2.6875,,,,204,241,159,289,309,,,,,,,,43.1475,,ratings,four-factors
James Madison,2026,SB,,18,15,-3.8855,109.333,113.219,66.0395,0.0173,-4.5502,,,,212,172,252,257,138,,,,,,,,35.9384,,ratings,four-factors
Kansas,2026,B12,,22,9,25.3861,119.459,94.073,67.5821,0.038,16.6563,,,,19,53,10,172,91,,,,,,,,31.6421,,ratings,four-factors
Kansas City,2026,Sum,,4,27,-25.089,92.2915,117.38,69.8751,-0.0174,-1.277,,,,358,360,320,58,231,,,,,,,,29.179,,ratings,four-factors
Kansas St.,2026,B12,,12,19,7.1873,113.06,105.873,72.6199,-0.0688,13.049,,,,101,110,105,7,333,,,,,,,,26.6429,,ratings,four-factors
Kennesaw St.,2026,CUSA,,18,13,-0.9863,109.884,110.87,71.4378,-0.0087,-2.2833,,,,178,162,206,19,214,,,,,,,,44.2037,,ratings,four-factors
Kent St.,2026,MAC,,23,8,1.0763,112.113,111.036,70.4913,0.1506,-2.787,,,,154,121,210,33,3,,,,,,,,44.5268,,ratings,four-factors
Kentucky,2026,SEC,,19,12,21.4456,121.278,99.8323,68.0892,-0.0287,15.7092,,,,27,38,31,135,265,,,,,,,,37.52,,ratings,four-factors
LIU,2026,NEC,,23,10,-4.0762,105.52,109.596,67.8378,0.1016,-9.4801,,,,217,248,178,152,15,,,,,,,,34.1451,,ratings,four-factors
LSU,2026,SEC,,15,16,13.21,119.551,106.341,66.5245,-0.082,10.8206,,,,62,52,112,230,345,,,,,,,,41.2276,,ratings,four-factors
La Salle,2026,A10,,9,22,-5.1941,105.568,110.762,65.5735,-0.0295,5.6157,,,,225,245,205,280,271,,,,,,,,37.4335,,ratings,four-factors
Lafayette,2026,PL,,11,21,-15.2575,100.895,116.152,66.8163,0.0091,-7.352,,,,326,316,306,215,164,,,,,,,,32.4309,,ratings,four-factors
Lamar,2026,Slnd,,12,19,-6.288,103.27,109.558,65.6108,-0.0892,-2.419,,,,239,283,176,277,349,,,,,,,,27.9489,,ratings,four-factors
Le Moyne,2026,NEC,,15,17,-11.8831,102.201,114.084,69.6102,-0.0183,-10.3942,,,,297,301,268,69,234,,,,,,,,39.4517,,ratings,four-factors
Lehigh,2026,PL,,17,16,-11.2313,102.691,113.923,67.0516,0.0883,-8.1454,,,,290,293,267,200,19,,,,,,,,31.8076,,ratings,four-factors
Liberty,2026,CUSA,,25,6,4.6481,118.269,113.621,63.9169,0.1573,-1.4671,,,,116,57,260,341,2,,,,,,,,32.0187,,ratings,four-factors
Lindenwood,2026,OVC,,18,15,-8.4697,100.712,109.182,72.4379,0.0171,-8.5306,,,,267,320,169,8,139,,,,,,,,38.5792,,ratings,four-factors
Lipscomb,2026,ASun,,19,13,-2.7849,107.127,109.912,69.3911,0.0436,-4.8651,,,,197,215,187,76,68,,,,,,,,26.0417,,ratings,four-factors
Little Rock,2026,OVC,,12,20,-12.9202,102.981,115.901,66.7333,-0.0327,-6.1036,,,,309,289,300,222,280,,,,,,,,27.7493,,ratings,four-factors
Long Beach St.,2026,BW,,10,22,-5.8772,105.631,111.508,68.6363,-0.0297,1.2006,,,,234,243,215,115,273,,,,,,,,30.7087,,ratings,four-factors
Longwood,2026,BSth,,16,16,-9.1208,103.68,112.801,68.476,-0.0355,-8.0869,,,,271,279,248,121,291,,,,,,,,41.3467,,ratings,four-factors
Louisiana,2026,SB,,11,22,-13.3021,100.292,113.594,63.3063,0.0328,-4.2322,,,,313,322,259,353,105,,,,,,,,28.7193,,ratings,four-factors
Louisiana Monroe,2026,SB,,4,28,-21.046,101.373,122.419,70.2044,-0.0988,-3.414,,,,350,309,360,40,358,,,,,,,,38.7802,,ratings,four-factors
Louisiana Tech,2026,CUSA,,18,13,-3.3207,102.07,105.391,64.5626,0.0404,-2.9601,,,,208,303,95,325,82,,,,,,,,33.4575,,ratings,four-factors
Louisville,2026,ACC,,22,9,26.1211,125.702,99.5812,70.1652,-0.0165,12.3508,,,,16,14,30,44,229,,,,,,,,33.4557,,ratings,four-factors
Loyola Chicago,2026,A10,,8,23,-11.4305,103.277,114.707,65.8086,0.0623,3.1264,,,,293,282,282,271,45,,,,,,,,34.5562,,ratings,four-factors
Loyola MD,2026,PL,,12,20,-14.8582,104.38,119.238,68.2514,-0.0275,-8.9867,,,,323,266,339,129,262,,,,,,,,29.8673,,ratings,four-factors
Loyola Marymount,2026,WCC,,15,17,0.7706,106.722,105.951,66.9838,-0.0446,0.9805,,,,161,221,106,204,304,,,,,,,,31.0576,,ratings,four-factors
Maine,2026,AE,,8,24,-20.3085,91.7262,112.035,64.8078,-0.0308,-8.8623,,,,347,363,231,319,277,,,,,,,,38.3812,,ratings,four-factors
Manhattan,2026,MAAC,,12,20,-16.5164,104.574,121.091,67.9319,0.0533,-7.9439,,,,329,261,351,146,57,,,,,,,,34.0449,,ratings,four-factors
Marist,2026,MAAC,,19,12,-3.0896,99.676,102.766,66.4208,-0.0272,-8.6372,,,,203,332,55,237,261,,,,,,,,25.6749,,ratings,four-factors
Marquette,2026,BE,,12,19,9.6653,111.799,102.134,68.6989,-0.1004,11.2569,,,,86,130,46,110,360,,,,,,,,33.0144,,ratings,four-factors
Marshall,2026,SB,,19,13,-3.1497,112.305,115.455,69.3594,0.0338,-3.8746,,,,205,119,298,78,101,,,,,,,,29.2324,,ratings,four-factors
Maryland,2026,B10,,11,20,3.363,111.2,107.837,66.1103,0.014,14.9565,,,,128,137,138,252,147,,,,,,,,36.4047,,ratings,four-factors
Maryland Eastern Shore,2026,MEAC,,9,22,-20.3839,94.6359,115.02,63.1292,-0.0456,-8.3844,,,,348,358,290,356,306,,,,,,,,28.9406,,ratings,four-factors
Massachusetts,2026,MAC,,16,15,-2.9492,108.792,111.741,70.1063,-0.0569,-4.0673,,,,201,180,222,48,319,,,,,,,,37.5069,,ratings,four-factors
McNeese,2026,Slnd,,26,5,12.1474,114.978,102.83,66.3047,0.0794,-1.7335,,,,68,86,56,243,26,,,,,,,,38.843,,ratings,four-factors
Memphis,2026,Amer,,13,18,3.2815,107.638,104.356,70.2081,-0.0495,6.0058,,,,130,204,79,39,308,,,,,,,,34.2782,,ratings,four-factors
Mercer,2026,SC,,19,13,-1.9088,112.013,113.922,68.9886,-0.0206,-5.0094,,,,188,124,266,103,241,,,,,,,,39.1759,,ratings,four-factors
Mercyhurst,2026,NEC,,17,16,-10.5627,101.202,111.765,64.8144,-0.0062,-11.0115,,,,284,310,223,318,205,,,,,,,,25.7525,,ratings,four-factors
Merrimack,2026,MAAC,,23,10,-0.2123,107.572,107.785,63.4124,0.1256,-5.5777,,,,174,206,137,350,6,,,,,,,,38.6803,,ratings,four-factors
Miami FL,2026,ACC,,24,7,21.1558,121.765,100.609,67.7865,0.0006,6.7015,,,,29,33,35,154,182,,,,,,,,37.4194,,ratings,four-factors
Miami OH,2026,MAC,,31,0,8.9229,116.781,107.858,70.1843,0.1159,-5.2322,,,,91,70,139,43,11,,,,,,,,40.5965,,ratings,four-factors
Michigan,2026,B10,,29,2,39.3519,128.55,89.1978,71.5353,0.0389,15.9909,,,,2,4,2,18,88,,,,,,,,38.9631,,ratings,four-factors
Michigan St.,2026,B10,,25,6,28.9355,122.751,93.8158,65.9686,0.0194,13.7001,,,,9,27,8,265,131,,,,,,,,36.2031,,ratings,four-factors
Middle Tennessee,2026,CUSA,,17,14,-0.0059,109.287,109.293,65.6336,0.0178,1.1661,,,,171,174,171,274,136,,,,,,,,31.6494,,ratings,four-factors
Milwaukee,2026,Horz,,12,20,-8.8614,106.547,115.409,67.4353,0.0128,-1.3515,,,,268,223,297,180,150,,,,,,,,32.0884,,ratings,four-factors
Minnesota,2026,B10,,15,16,11.4915,115.067,103.576,62.3981,-0.0505,11.0756,,,,72,85,69,362,311,,,,,,,,36.2799,,ratings,four-factors
Mississippi,2026,SEC,,12,19,10.2567,114.26,104.003,66.0381,-0.1001,12.9994,,,,81,96,74,259,359,,,,,,,,34.0529,,ratings,four-factors
Mississippi St.,2026,SEC,,13,18,7.349,113.585,106.236,69.6258,0.0008,13.1379,,,,100,105,110,67,180,,,,,,,,30.8914,,ratings,four-factors
Mississippi Valley St.,2026,SWAC,,3,29,-30.8729,90.7288,121.602,67.0058,-0.0292,-6.7519,,,,365,364,356,202,268,,,,,,,,33.9171,,ratings,four-factors
Missouri,2026,SEC,,20,11,15.5146,119.781,104.266,66.1614,0.0554,11.3361,,,,50,49,78,251,54,,,,,,,,42.4774,,ratings,four-factors
Missouri St.,2026,CUSA,,14,17,-3.96,108.179,112.139,65.8798,-0.0573,-1.5077,,,,215,189,234,267,320,,,,,,,,44.2884,,ratings,four-factors
Monmouth,2026,CAA,,18,14,-1.3888,106.303,107.692,67.1478,0.0191,-2.5799,,,,181,228,134,195,132,,,,,,,,32.3725,,ratings,four-factors
Morehead St.,2026,OVC,,20,13,-10.2902,107.125,117.415,65.4203,0.1605,-6.6496,,,,282,216,321,290,1,,,,,,,,37.7193,,ratings,four-factors
Morgan St.,2026,MEAC,,14,15,-21.2624,100.147,121.41,70.8382,0.1183,-11.8627,,,,352,324,353,25,8,,,,,,,,42.0146,,ratings,four-factors
Mount St. Mary's,2026,MAAC,,15,17,-9.6489,99.5339,109.183,67.5919,0.028,-6.9696,,,,279,334,170,171,116,,,,,,,,33.3137,,ratings,four-factors
Murray St.,2026,MVC,,20,12,4.1606,116.433,112.273,71.6193,0.0425,1.5288,,,,120,74,235,17,73,,,,,,,,39.126,,ratings,four-factors
N.C. State,2026,ACC,,19,12,19.6004,123.217,103.617,69.0571,-0.025,11.9105,,,,36,23,71,93,256,,,,,,,,34.51,,ratings,four-factors
NJIT,2026,AE,,16,16,-16.891,97.2397,114.131,67.961,0.1262,-9.2811,,,,332,344,270,143,5,,,,,,,,33.8848,,ratings,four-factors
Navy,2026,PL,,26,7,1.8417,107.556,105.715,65.1686,0.0527,-11.8171,,,,142,207,101,302,58,,,,,,,,39.5514,,ratings,four-factors
Nebraska,2026,B10,,26,5,26.9578,119.313,92.3554,66.9137,0.0279,11.0536,,,,12,54,5,209,117,,,,,,,,27.5164,,ratings,four-factors
Nebraska Omaha,2026,Sum,,16,17,-7.9464,106.4,114.346,67.0994,0.0334,-2.4245,,,,262,226,279,197,103,,,,,,,,34.4619,,ratings,four-factors
Nevada,2026,MWC,,20,11,11.0227,116.007,104.984,65.5611,0.0132,6.3143,,,,76,78,92,282,149,,,,,,,,45.4804,,ratings,four-factors
New Hampshire,2026,AE,,9,21,-20.7214,95.4293,116.151,67.536,-0.0024,-7.7815,,,,349,356,305,175,191,,,,,,,,28.5114,,ratings,four-factors
New Haven,2026,NEC,,14,17,-16.1263,96.3167,112.443,63.358,0.0413,-9.1579,,,,328,351,239,352,77,,,,,,,,31.7107,,ratings,four-factors
New Mexico,2026,MWC,,22,9,15.9129,117.204,101.291,70.0804,-0.0212,6.0496,,,,49,64,40,49,243,,,,,,,,36.7188,,ratings,four-factors
New Mexico St.,2026,CUSA,,15,15,-1.6903,110.096,111.787,66.9259,-0.0683,-1.259,,,,185,159,224,208,332,,,,,,,,34.4172,,ratings,four-factors
New Orleans,2026,Slnd,,15,17,-1.4656,109.897,111.363,70.1586,0.0416,0.8705,,,,182,161,214,45,75,,,,,,,,46.0806,,ratings,four-factors
Niagara,2026,MAAC,,8,22,-18.5485,99.7095,118.258,62.1476,-0.0379,-7.9835,,,,338,330,331,365,294,,,,,,,,26.5881,,ratings,four-factors
Nicholls,2026,Slnd,,14,18,-5.7159,105.991,111.706,68.2376,0.0437,-0.0169,,,,232,235,220,131,66,,,,,,,,34.5915,,ratings,four-factors
Norfolk St.,2026,MEAC,,15,16,-14.6232,101.66,116.283,67.9538,-0.0086,-11.0563,,,,321,308,309,144,212,,,,,,,,43.4552,,ratings,four-factors
North Alabama,2026,ASun,,9,21,-19.1926,99.7585,118.951,64.8911,0.0565,-4.3586,,,,341,328,338,314,51,,,,,,,,37.5641,,ratings,four-factors
North Carolina,2026,ACC,,24,7,21.0721,121.57,100.498,67.7836,0.0771,11.4696,,,,30,35,34,156,29,,,,,,,,37.7317,,ratings,four-factors
North Carolina A&T,2026,CAA,,11,19,-10.9076,105.454,116.362,68.5666,-0.0232,-3.354,,,,288,251,310,118,250,,,,,,,,42.2535,,ratings,four-factors
North Carolina Central,2026,MEAC,,12,17,-21.9455,99.5176,121.463,66.4549,0.0578,-8.9234,,,,353,335,354,235,48,,,,,,,,39.2257,,ratings,four-factors
North Dakota,2026,Sum,,18,17,-9.5574,107.012,116.569,67.2855,0.1114,-3.3764,,,,276,219,312,188,12,,,,,,,,37.8492,,ratings,four-factors
North Dakota St.,2026,Sum,,27,7,5.1236,111.966,106.842,66.4101,0.0395,-5.5252,,,,114,125,119,239,85,,,,,,,,30.6562,,ratings,four-factors
North Florida,2026,ASun,,7,25,-17.5488,107.091,124.64,70.452,-0.0293,-3.1655,,,,335,218,363,34,270,,,,,,,,28.7694,,ratings,four-factors
North Texas,2026,Amer,,18,13,2.0462,103.871,101.825,64.8381,0.0112,0.7252,,,,140,275,42,316,155,,,,,,,,38.587,,ratings,four-factors
Northeastern,2026,CAA,,7,24,-10.5302,107.711,118.241,69.6281,-0.061,-1.3959,,,,283,201,330,66,325,,,,,,,,29.3642,,ratings,four-factors
Northern Illinois,2026,MAC,,9,21,-17.3392,97.1415,114.481,67.4928,0.014,-0.8651,,,,333,346,281,177,148,,,,,,,,38.2772,,ratings,four-factors
Northern Iowa,2026,MVC,,23,12,11.7899,110.234,98.444,62.3386,-0.07,1.5356,,,,70,157,25,364,336,,,,,,,,25.6989,,ratings,four-factors
Northern Kentucky,2026,Horz,,20,13,-0.0635,109.493,109.556,69.923,-0.0175,-4.2971,,,,172,168,175,56,232,,,,,,,,35.4804,,ratings,four-factors
Northwestern,2026,B10,,13,18,12.4536,117.202,104.749,65.3933,-0.0953,13.2177,,,,66,65,88,293,354,,,,,,,,34.0871,,ratings,four-factors
Northwestern St.,2026,Slnd,,10,22,-10.1541,102.537,112.691,64.7696,-0.0126,-0.5765,,,,280,296,245,320,221,,,,,,,,40.1666,,ratings,four-factors
Notre Dame,2026,ACC,,13,18,8.8459,115.755,106.909,66.0058,-0.0585,10.9977,,,,92,81,121,261,323,,,,,,,,34.0745,,ratings,four-factors
Oakland,2026,Horz,,16,16,0.1975,115.398,115.201,69.9233,0.016,0.1884,,,,170,83,294,54,142,,,,,,,,38.1028,,ratings,four-factors
Ohio,2026,MAC,,15,16,-5.2902,108.114,113.405,68.8705,0.0317,-1.216,,,,227,192,255,105,106,,,,,,,,36.202,,ratings,four-factors
Ohio St.,2026,B10,,20,11,21.6788,124.301,102.622,66.3603,-0.0292,12.7664,,,,26,18,52,242,269,,,,,,,,37.937,,ratings,four-factors
Oklahoma,2026,SEC,,17,14,16.8067,123.534,106.727,66.5089,-0.0677,13.2749,,,,46,21,116,232,330,,,,,,,,36.2373,,ratings,four-factors
Oklahoma St.,2026,B12,,18,13,12.1355,118.89,106.755,72.2003,0.057,12.1533,,,,69,56,117,9,50,,,,,,,,39.3939,,ratings,four-factors
Old Dominion,2026,SB,,12,21,-6.8612,106.299,113.16,69.0266,-0.0734,-2.6183,,,,248,229,250,98,339,,,,,,,,34.712,,ratings,four-factors
Oral Roberts,2026,Sum,,10,23,-12.9628,102.261,115.224,67.7841,-0.0548,-1.4886,,,,311,300,295,155,315,,,,,,,,34.823,,ratings,four-factors
Oregon,2026,B10,,12,19,7.706,112.215,104.509,66.0387,-0.0301,13.2216,,,,96,120,83,258,274,,,,,,,,34.8023,,ratings,four-factors
Oregon St.,2026,WCC,,17,15,-1.0147,109.575,110.59,65.2731,0.1069,2.8026,,,,179,166,199,299,13,,,,,,,,43.6503,,ratings,four-factors
Pacific,2026,WCC,,18,15,5.4611,110.949,105.488,64.3283,-0.02,3.2879,,,,111,142,98,331,238,,,,,,,,30.5124,,ratings,four-factors
Penn,2026,Ivy,,16,11,0.6833,107.774,107.09,69.3039,0.0436,-0.8291,,,,163,199,125,80,69,,,,,,,,36.5584,,ratings,four-factors
Penn St.,2026,B10,,12,19,2.3281,114.412,112.084,67.557,-0.0049,10.887,,,,138,94,232,174,198,,,,,,,,33.9245,,ratings,four-factors
Pepperdine,2026,WCC,,9,23,-8.0229,105.52,113.543,68.6466,-0.0183,3.3902,,,,263,247,258,114,233,,,,,,,,33.8488,,ratings,four-factors
Pittsburgh,2026,ACC,,12,19,7.5632,113.063,105.5,63.702,-0.0785,10.8282,,,,99,109,99,345,343,,,,,,,,30.4372,,ratings,four-factors
Portland,2026,WCC,,15,19,-2.7676,106.313,109.081,68.5061,0.064,4.0806,,,,196,227,165,119,43,,,,,,,,34.3871,,ratings,four-factors
Prairie View A&M,2026,SWAC,,14,17,-13.0971,101.037,114.134,72.0743,-0.0127,-8.8146,,,,312,312,271,10,222,,,,,,,,43.4325,,ratings,four-factors
Presbyterian,2026,BSth,,15,18,-9.0002,103.463,112.463,64.238,-0.0203,-4.5358,,,,269,281,241,336,240,,,,,,,,39.3493,,ratings,four-factors
Princeton,2026,Ivy,,9,20,-7.1082,105.498,112.607,63.5143,-0.0767,-0.6275,,,,251,249,244,346,342,,,,,,,,34.6358,,ratings,four-factors
Providence,2026,BE,,14,17,11.3829,121.321,109.938,71.208,-0.098,10.728,,,,73,37,188,22,356,,,,,,,,37.0255,,ratings,four-factors
Purdue,2026,B10,,23,8,29.4267,130.483,101.056,64.957,-0.0207,14.9736,,,,8,2,39,310,242,,,,,,,,28.2725,,ratings,four-factors
Purdue Fort Wayne,2026,Horz,,17,15,-7.8407,105.541,113.381,67.7659,0.1182,-1.4873,,,,261,246,253,158,9,,,,,,,,30.5654,,ratings,four-factors
Queens,2026,ASun,,21,13,-1.4896,115.981,117.471,69.6849,0.0666,-5.3835,,,,183,79,324,65,38,,,,,,,,36.3089,,ratings,four-factors
Quinnipiac,2026,MAAC,,19,13,-4.2598,104.382,108.642,69.9434,0.0271,-7.1458,,,,218,265,156,53,119,,,,,,,,33.8365,,ratings,four-factors
Radford,2026,BSth,,16,16,-7.6669,106.476,114.143,70.6794,-0.0356,-6.8371,,,,258,224,272,28,292,,,,,,,,42.3739,,ratings,four-factors
Rhode Island,2026,A10,,16,15,2.8618,106.035,103.173,66.0106,-0.0388,1.0363,,,,134,232,60,260,295,,,,,,,,39.1972,,ratings,four-factors
Rice,2026,Amer,,13,18,-5.2128,108.706,113.919,65.6169,0.0093,0.0093,,,,226,182,265,275,162,,,,,,,,33.8895,,ratings,four-factors
Richmond,2026,A10,,15,16,1.6805,111.72,110.04,67.781,-0.086,0.4676,,,,143,131,192,157,348,,,,,,,,37.2242,,ratings,four-factors
Rider,2026,MAAC,,4,25,-24.4878,95.8039,120.292,65.8759,-0.0235,-4.7464,,,,357,352,349,268,252,,,,,,,,30.0912,,ratings,four-factors
Robert Morris,2026,Horz,,22,10,2.1672,111.323,109.156,64.6771,0.0413,-4.3531,,,,139,134,168,323,76,,,,,,,,27.9642,,ratings,four-factors
Rutgers,2026,B10,,13,18,3.3249,110.958,107.633,66.614,0.0368,11.0063,,,,129,141,133,226,96,,,,,,,,36.8889,,ratings,four-factors
SIUE,2026,OVC,,19,13,-7.5417,99.7274,107.269,64.4522,-0.0071,-10.4193,,,,256,329,129,327,209,,,,,,,,30.5539,,ratings,four-factors
SMU,2026,ACC,,19,12,17.4866,123.719,106.233,69.0357,-0.033,11.0274,,,,43,20,109,96,281,,,,,,,,32.0803,,ratings,four-factors
Sacred Heart,2026,MAAC,,14,19,-11.5288,107.393,118.921,68.502,0.0009,-7.1971,,,,295,209,337,120,179,,,,,,,,31.0345,,ratings,four-factors
Saint Francis,2026,NEC,,7,24,-22.3299,99.6965,122.026,70.0255,-0.025,-6.5591,,,,354,331,357,51,257,,,,,,,,30.8461,,ratings,four-factors
Saint Joseph's,2026,A10,,21,10,4.0358,106.952,102.916,68.3529,0.0931,0.9818,,,,121,220,57,125,18,,,,,,,,30.6134,,ratings,four-factors
Saint Louis,2026,A10,,27,4,18.6276,120.013,101.385,70.9877,0.0433,0.5593,,,,40,47,41,23,70,,,,,,,,34.4116,,ratings,four-factors
Saint Mary's,2026,WCC,,27,4,23.6459,120.575,96.9292,65.3831,0.0237,4.8771,,,,22,43,17,295,127,,,,,,,,35.9004,,ratings,four-factors
Saint Peter's,2026,MAAC,,17,12,-7.587,103.104,110.691,65.5911,0.0659,-7.7688,,,,257,286,202,279,39,,,,,,,,35.4997,,ratings,four-factors
Sam Houston St.,2026,CUSA,,21,10,5.8886,114.933,109.044,70.2083,-0.0026,0.0566,,,,109,87,164,38,193,,,,,,,,34.1478,,ratings,four-factors
Samford,2026,SC,,18,14,-3.8856,109.859,113.744,67.309,0.0092,-5.6007,,,,213,164,262,185,163,,,,,,,,41.9224,,ratings,four-factors
San Diego,2026,WCC,,12,21,-5.0155,108.372,113.387,68.0546,0.0035,2.5204,,,,224,184,254,138,173,,,,,,,,25.7821,,ratings,four-factors
San Diego St.,2026,MWC,,20,10,16.6998,114.767,98.067,68.9976,0.0037,8.1331,,,,47,90,23,100,172,,,,,,,,37.396,,ratings,four-factors
San Francisco,2026,WCC,,17,16,4.2908,113.852,109.562,65.9869,-0.0058,4.4988,,,,119,101,177,264,203,,,,,,,,40.1217,,ratings,four-factors
San Jose St.,2026,MWC,,8,23,-6.0895,111.516,117.605,64.9193,-0.0193,7.0449,,,,237,132,325,313,237,,,,,,,,32.7496,,ratings,four-factors
Santa Clara,2026,WCC,,25,7,19.347,123.202,103.855,69.8407,0.0124,5.1221,,,,37,24,73,60,151,,,,,,,,26.3368,,ratings,four-factors
Seattle,2026,WCC,,20,13,4.5883,102.436,97.8482,67.6768,0.0169,2.0134,,,,118,297,22,163,140,,,,,,,,34.5299,,ratings,four-factors
Seton Hall,2026,BE,,20,11,15.2959,110.406,95.1103,65.0693,-0.0339,8.4893,,,,52,153,13,307,285,,,,,,,,35.5951,,ratings,four-factors
Siena,2026,MAAC,,22,11,-2.7045,107.55,110.254,64.6181,0.002,-9.4489,,,,195,208,193,324,177,,,,,,,,34.0996,,ratings,four-factors
South Alabama,2026,SB,,21,11,-3.1765,107.128,110.305,64.6866,0.0578,-5.7731,,,,206,214,196,322,49,,,,,,,,39.2262,,ratings,four-factors
South Carolina,2026,SEC,,13,18,7.8776,112.373,104.496,66.5133,-0.0568,10.9653,,,,95,116,82,231,318,,,,,,,,37.0123,,ratings,four-factors
South Carolina St.,2026,MEAC,,9,21,-24.1181,95.2089,119.327,68.2442,0.0223,-8.4136,,,,356,357,341,130,128,,,,,,,,41.2484,,ratings,four-factors
South Dakota,2026,Sum,,16,16,-10.2787,104.494,114.772,69.9231,0.0558,-5.4103,,,,281,263,285,55,52,,,,,,,,45.1917,,ratings,four-factors
South Dakota St.,2026,Sum,,14,18,-4.287,108.217,112.504,66.8491,-0.1169,-2.7665,,,,219,187,243,214,364,,,,,,,,29.7093,,ratings,four-factors
South Florida,2026,Amer,,23,8,15.3006,117.695,102.394,71.6464,-0.0261,3.2581,,,,51,61,50,14,259,,,,,,,,42.0172,,ratings,four-factors
Southeast Missouri,2026,OVC,,20,13,-5.809,102.389,108.198,68.9638,0.0314,-7.6984,,,,233,298,143,104,107,,,,,,,,38.812,,ratings,four-factors
Southeastern Louisiana,2026,Slnd,,9,22,-10.6155,99.83,110.445,65.5094,-0.0058,-0.614,,,,285,326,197,287,202,,,,,,,,40.3236,,ratings,four-factors
Southern,2026,SWAC,,15,16,-9.4959,104.418,113.914,70.5028,0.0427,-5.3858,,,,275,264,264,32,71,,,,,,,,41.0272,,ratings,four-factors
Southern Illinois,2026,MVC,,16,16,4.6149,104.038,99.4226,68.9915,-0.0941,2.1924,,,,117,272,29,102,353,,,,,,,,31.2799,,ratings,four-factors
Southern Indiana,2026,OVC,,7,23,-18.5886,95.7549,114.344,67.5934,-0.1049,-7.9049,,,,339,354,278,170,362,,,,,,,,37.1787,,ratings,four-factors
Southern Miss,2026,SB,,19,16,-4.3139,105.336,109.65,69.3617,0.0426,-3.5062,,,,220,254,183,77,72,,,,,,,,43.2375,,ratings,four-factors
Southern Utah,2026,WAC,,10,21,-7.1095,107.259,114.369,70.2232,-0.0455,2.5106,,,,252,212,280,37,305,,,,,,,,33.8299,,ratings,four-factors
St. Bonaventure,2026,A10,,15,16,0.9222,113.69,112.768,67.1962,-0.0415,1.508,,,,160,104,246,190,299,,,,,,,,28.8631,,ratings,four-factors
St. John's,2026,BE,,25,6,24.4241,119.726,95.3022,69.7793,0.0602,11.2651,,,,21,51,14,63,46,,,,,,,,42.5209,,ratings,four-factors
St. Thomas,2026,Sum,,24,9,5.9242,114.251,108.327,68.3391,-0.0338,-5.3043,,,,108,97,146,126,284,,,,,,,,34.4167,,ratings,four-factors
Stanford,2026,ACC,,20,11,13.7109,117.743,104.032,66.9802,0.0477,9.1717,,,,59,60,75,205,61,,,,,,,,36.3836,,ratings,four-factors
Stephen F. Austin,2026,Slnd,,27,4,9.3102,113.732,104.422,65.9514,-0.0051,-4.1513,,,,89,103,80,266,200,,,,,,,,30.5983,,ratings,four-factors
Stetson,2026,ASun,,12,21,-12.5287,105.482,118.011,66.753,0.0083,-3.5244,,,,303,250,329,219,166,,,,,,,,32.448,,ratings,four-factors
Stonehill,2026,NEC,,12,21,-17.3404,91.966,109.306,66.4306,-0.0071,-10.0414,,,,334,362,172,236,210,,,,,,,,27.319,,ratings,four-factors
Stony Brook,2026,CAA,,17,15,-5.4774,105.427,110.904,66.2919,0.064,-2.5673,,,,229,252,209,244,42,,,,,,,,28.3922,,ratings,four-factors
Syracuse,2026,ACC,,15,16,10.2875,115.161,104.873,67.5247,-0.0443,10.2109,,,,80,84,91,176,302,,,,,,,,35.9823,,ratings,four-factors
TCU,2026,B12,,21,10,17.4376,114.662,97.224,67.597,0.0104,10.7091,,,,44,92,20,168,159,,,,,,,,39.0048,,ratings,four-factors
Tarleton St.,2026,WAC,,14,17,-3.9962,104.348,108.344,69.0462,-0.0315,1.3154,,,,216,267,147,95,278,,,,,,,,41.2149,,ratings,four-factors
Temple,2026,Amer,,16,15,0.7212,112.626,111.905,65.083,-0.0622,-1.3412,,,,162,114,228,306,327,,,,,,,,41.0885,,ratings,four-factors
Tennessee,2026,SEC,,21,10,26.1316,121.445,95.3134,65.2891,-0.0575,14.4103,,,,14,36,15,297,321,,,,,,,,38.0126,,ratings,four-factors
Tennessee Martin,2026,OVC,,22,11,-4.8399,100.624,105.464,64.2082,0.0476,-8.4851,,,,223,321,97,337,63,,,,,,,,37.3945,,ratings,four-factors
Tennessee St.,2026,OVC,,23,9,-1.7599,109.317,111.077,70.286,0.0698,-7.8796,,,,186,173,211,36,35,,,,,,,,33.5,,ratings,four-factors
Tennessee Tech,2026,OVC,,13,18,-13.3163,102.74,116.056,66.9072,-0.0276,-7.2863,,,,314,291,304,211,263,,,,,,,,35.4695,,ratings,four-factors
Texas,2026,SEC,,18,13,19.9364,126.204,106.268,66.7776,-0.0759,14.0173,,,,33,9,111,217,341,,,,,,,,46.1671,,ratings,four-factors
Texas A&M,2026,SEC,,21,10,19.781,120.562,100.781,70.6814,-0.0047,10.9148,,,,34,44,37,27,196,,,,,,,,37.7556,,ratings,four-factors
Texas A&M Corpus Chris,2026,Slnd,,17,14,-1.3404,104.497,105.838,66.6407,0.0181,0.0331,,,,180,262,103,225,135,,,,,,,,42.2842,,ratings,four-factors
Texas Southern,2026,SWAC,,12,17,-12.8845,102.269,115.154,68.6525,-0.0247,-8.3635,,,,308,299,293,113,255,,,,,,,,37.8827,,ratings,four-factors
Texas St.,2026,SB,,19,13,-6.6895,104.191,110.88,66.0835,0.0838,-6.5796,,,,245,268,208,254,24,,,,,,,,33.9744,,ratings,four-factors
Texas Tech,2026,B12,,22,9,26.1188,126.176,100.057,66.2787,-0.0025,15.3247,,,,17,10,33,246,192,,,,,,,,27.359,,ratings,four-factors
The Citadel,2026,SC,,11,22,-20.1515,100.954,121.106,64.4158,0.028,-5.2182,,,,346,314,352,329,115,,,,,,,,30.0407,,ratings,four-factors
Toledo,2026,MAC,,17,14,2.6066,114.906,112.3,67.9682,-0.0649,-1.0636,,,,135,88,236,141,328,,,,,,,,31.1224,,ratings,four-factors
Towson,2026,CAA,,19,14,1.0027,105.843,104.841,63.7405,0.0258,-0.9047,,,,157,237,90,343,121,,,,,,,,30.4945,,ratings,four-factors
Troy,2026,SB,,21,11,1.0872,110.743,109.656,65.1158,0.0253,-2.8337,,,,153,145,185,305,122,,,,,,,,36.3938,,ratings,four-factors
Tulane,2026,Amer,,17,14,-3.6271,107.975,111.603,66.9887,0.1253,0.6402,,,,210,194,217,203,7,,,,,,,,43.7615,,ratings,four-factors
Tulsa,2026,Amer,,25,6,13.9619,122.266,108.304,68.014,0.0159,0.3765,,,,58,30,145,140,143,,,,,,,,40.8493,,ratings,four-factors
UAB,2026,Amer,,20,11,3.9996,109.871,105.871,69.1171,0.0195,-0.4043,,,,122,163,104,90,130,,,,,,,,36.7432,,ratings,four-factors
UC Davis,2026,BW,,18,13,1.0626,109.269,108.207,68.3543,0.0376,-0.0979,,,,155,175,144,124,93,,,,,,,,40.8674,,ratings,four-factors
UC Irvine,2026,BW,,22,10,6.0352,104.179,98.1435,68.4515,-0.0073,-0.7037,,,,106,269,24,122,211,,,,,,,,36.1298,,ratings,four-factors
UC Riverside,2026,BW,,10,22,-7.8061,104.003,111.809,68.5954,-0.0476,1.7807,,,,260,274,225,116,307,,,,,,,,35.0432,,ratings,four-factors
UC San Diego,2026,BW,,22,10,5.2878,108.893,103.605,67.3648,0.0039,-0.7638,,,,113,178,70,184,171,,,,,,,,30.839,,ratings,four-factors
UC Santa Barbara,2026,BW,,18,13,3.4546,114.334,110.88,64.1524,-0.0576,-0.9228,,,,126,95,207,338,322,,,,,,,,36.7766,,ratings,four-factors
UCF,2026,B12,,20,10,15.1785,122.002,106.824,69.4339,0.0843,11.2712,,,,53,31,118,75,20,,,,,,,,31.0638,,ratings,four-factors
UCLA,2026,B10,,21,10,21.3043,123.839,102.535,64.4384,0.0149,11.6127,,,,28,19,51,328,146,,,,,,,,33.2598,,ratings,four-factors
UMBC,2026,AE,,22,8,-2.8626,107.631,110.494,66.2384,0.0477,-14.4372,,,,198,205,198,249,62,,,,,,,,33.1436,,ratings,four-factors
UMass Lowell,2026,AE,,15,17,-14.1239,102.751,116.875,69.2127,0.0182,-9.3969,,,,319,290,316,84,134,,,,,,,,35.6846,,ratings,four-factors
UNC Asheville,2026,BSth,,15,17,-6.664,105.001,111.665,64.847,-0.0164,-3.3382,,,,244,256,218,315,228,,,,,,,,39.9876,,ratings,four-factors
UNC Greensboro,2026,SC,,15,19,-12.1852,107.889,120.074,67.7235,0.0557,-5.7945,,,,299,196,348,159,53,,,,,,,,41.9935,,ratings,four-factors
UNC Wilmington,2026,CAA,,26,6,5.8646,112.083,106.219,65.1337,0.0278,-4.6883,,,,110,122,108,304,118,,,,,,,,41.6522,,ratings,four-factors
UNLV,2026,MWC,,16,15,6.3427,115.959,109.616,70.1084,-0.01,6.3448,,,,104,80,179,47,216,,,,,,,,41.6195,,ratings,four-factors
USC,2026,B10,,18,13,10.8391,114.118,103.278,70.576,0.0839,12.431,,,,77,99,62,30,23,,,,,,,,44.9085,,ratings,four-factors
USC Upstate,2026,BSth,,13,19,-12.389,99.1766,111.566,67.5805,0.0252,-5.2353,,,,302,337,216,173,123,,,,,,,,32.8134,,ratings,four-factors
UT Arlington,2026,WAC,,17,13,1.0074,102.996,101.989,64.9985,0.037,0.9121,,,,156,288,45,309,94,,,,,,,,42.7243,,ratings,four-factors
UT Rio Grande Valley,2026,Slnd,,18,13,3.8056,111.058,107.253,66.5265,-0.0434,-1.294,,,,124,139,127,229,300,,,,,,,,28.7385,,ratings,four-factors
UTEP,2026,CUSA,,11,20,-9.5738,101.081,110.655,65.5674,0.0105,-0.0488,,,,277,311,200,281,158,,,,,,,,33.3548,,ratings,four-factors
UTSA,2026,Amer,,5,25,-18.6535,99.7625,118.416,68.6712,-0.0013,1.7644,,,,340,327,333,112,186,,,,,,,,29.4565,,ratings,four-factors
Utah,2026,B12,,10,21,3.4519,114.648,111.197,66.1085,-0.0068,12.1608,,,,127,93,213,253,207,,,,,,,,31.856,,ratings,four-factors
Utah St.,2026,MWC,,25,6,19.6329,122.939,103.306,67.6954,0.0626,7.0453,,,,35,25,63,162,44,,,,,,,,38.5763,,ratings,four-factors
Utah Tech,2026,WAC,,18,14,-1.5388,110.96,112.499,66.0454,0.0957,1.1509,,,,184,140,242,256,17,,,,,,,,30.1297,,ratings,four-factors
Utah Valley,2026,WAC,,24,7,9.2969,113.562,104.265,69.0723,0.0417,-0.2865,,,,90,106,77,92,74,,,,,,,,37.3994,,ratings,four-factors
VCU,2026,A10,,24,7,16.8781,120.239,103.361,69.0298,-0.0188,3.4575,,,,45,46,64,97,235,,,,,,,,44.6231,,ratings,four-factors
VMI,2026,SC,,6,26,-26.214,98.8062,125.02,66.8116,-0.0111,-5.3464,,,,360,338,364,216,219,,,,,,,,30.5605,,ratings,four-factors
Valparaiso,2026,MVC,,18,15,0.9652,108.356,107.391,65.1987,0.0406,1.131,,,,159,185,130,301,81,,,,,,,,39.0718,,ratings,four-factors
Vanderbilt,2026,SEC,,24,7,26.4744,125.534,99.0599,69.5365,0.0199,13.2914,,,,13,15,27,71,129,,,,,,,,38.3849,,ratings,four-factors
Vermont,2026,AE,,21,11,-5.8962,107.316,113.213,64.9992,0.0001,-10.7696,,,,235,210,251,308,184,,,,,,,,31.7262,,ratings,four-factors
Villanova,2026,BE,,24,7,20.991,120.993,100.002,65.2455,0.0698,10.4765,,,,32,40,32,300,34,,,,,,,,31.5505,,ratings,four-factors
Virginia,2026,ACC,,27,4,25.2506,121.702,96.4518,65.8706,0.0714,8.5979,,,,20,34,16,269,33,,,,,,,,33.8821,,ratings,four-factors
Virginia Tech,2026,ACC,,19,12,14.0704,117.34,103.27,67.0887,0.0015,10.2033,,,,56,62,61,198,178,,,,,,,,33.8494,,ratings,four-factors
Wagner,2026,NEC,,14,17,-12.8197,102.707,115.527,65.5383,-0.0011,-8.8168,,,,306,292,299,283,185,,,,,,,,32.3474,,ratings,four-factors
Wake Forest,2026,ACC,,16,15,11.3739,116.828,105.454,68.3319,-0.0261,11.2224,,,,74,69,96,127,260,,,,,,,,34.8224,,ratings,four-factors
Washington,2026,B10,,15,16,14.984,117.197,102.213,67.1941,-0.1046,11.8757,,,,54,66,49,191,361,,,,,,,,30.1957,,ratings,four-factors
Washington St.,2026,WCC,,12,20,2.4051,114.136,111.731,67.885,-0.094,5.4497,,,,137,98,221,150,352,,,,,,,,30.1855,,ratings,four-factors
West Georgia,2026,ASun,,15,17,-12.5317,101.774,114.305,69.2604,0.0725,-6.3388,,,,304,307,276,82,32,,,,,,,,29.1998,,ratings,four-factors
West Virginia,2026,B12,,18,13,14.0594,111.224,97.1642,62.3908,-0.0333,9.0721,,,,57,135,19,363,282,,,,,,,,35.301,,ratings,four-factors
Western Carolina,2026,SC,,15,16,-5.4619,109.432,114.894,67.8569,-0.0148,-3.5836,,,,228,169,286,151,226,,,,,,,,31.2918,,ratings,four-factors
Western Illinois,2026,OVC,,5,26,-28.4655,93.0728,121.538,66.6468,-0.0524,-7.3704,,,,364,359,355,224,314,,,,,,,,37.7821,,ratings,four-factors
Western Kentucky,2026,CUSA,,18,13,0.3806,108.471,108.09,69.7536,0.0173,-0.6313,,,,167,183,141,64,137,,,,,,,,40.4894,,ratings,four-factors
Western Michigan,2026,MAC,,10,21,-9.232,107.901,117.133,67.7219,-0.0358,-0.9715,,,,273,195,318,160,293,,,,,,,,32.7926,,ratings,four-factors
Wichita St.,2026,Amer,,21,10,9.4314,113.078,103.647,66.3656,-0.0445,0.6469,,,,88,108,72,241,303,,,,,,,,36.3152,,ratings,four-factors
William & Mary,2026,CAA,,20,12,1.5678,111.218,109.65,72.6329,0.0245,-1.6784,,,,145,136,184,5,126,,,,,,,,44.0394,,ratings,four-factors
Winthrop,2026,BSth,,23,11,1.1869,111.848,110.661,70.0803,0.0251,-4.4165,,,,151,128,201,50,124,,,,,,,,44.0334,,ratings,four-factors
Wisconsin,2026,B10,,22,9,22.602,125.338,102.736,69.0559,0.0384,12.6319,,,,23,16,53,94,90,,,,,,,,32.9319,,ratings,four-factors
Wofford,2026,SC,,19,13,-7.2702,109.388,116.658,67.8898,0.0732,-7.247,,,,253,171,313,149,30,,,,,,,,36.2424,,ratings,four-factors
Wright St.,2026,Horz,,21,11,1.6228,112.358,110.735,66.9131,-0.0049,-3.8352,,,,144,118,204,210,197,,,,,,,,37.1641,,ratings,four-factors
Wyoming,2026,MWC,,18,13,7.638,115.416,107.778,66.2859,-0.0094,4.1488,,,,98,82,136,245,215,,,,,,,,35.8989,,ratings,four-factors
Xavier,2026,BE,,14,17,7.6989,116.57,108.871,70.1932,-0.0033,11.1566,,,,97,73,161,42,194,,,,,,,,27.2219,,ratings,four-factors
Yale,2026,Ivy,,23,5,10.7694,120.415,109.646,64.8168,0.0643,-1.12,,,,78,45,182,317,41,,,,,,,,36.3331,,ratings,four-factors
Youngstown St.,2026,Horz,,15,17,-3.9387,105.701,109.64,67.2981,-0.0921,-3.4818,,,,214,240,181,187,351,,,,,,,,31.4183,,ratings,four-factors
